6,180,12,male,,Promedios,,
5.92,190,11,male,,5.855,176.25,11.25
5.58,170,12,male,,5.4175,132.5,7.5
5.92,165,10,male,,Varianza,,
5,100,6,female,,0.035033333,122.9166667,0.916666667
5.5,150,8,female,,0.097225,558.3333333,1.666666667
5.42,130,7,female,,Desviacion,,
5.75,150,9,female,,0.162095651,9.601432185,0.829156198
,,,,,0.27003472,20.46338193,1.118033989
